text_input,output
"What is Bubble Sort?", "Can you describe how Bubble Sort works step by step?"
"Explain the worst-case time complexity of Bubble Sort.", "Can you think about the number of comparisons and swaps that Bubble Sort makes when the list is reversed?"
"Why does Bubble Sort have O(n^2) complexity?", "Think about how many times elements need to be compared and swapped. What happens when the list is nearly sorted versus completely unsorted?"
"How is Bubble Sort different from Selection Sort?", "Can you compare how each algorithm approaches finding the minimum or maximum element in a pass?"
"What is Selection Sort?", "Can you describe the process of selecting the minimum element in each pass?"
"Explain why Selection Sort is also O(n^2).", "In each pass of Selection Sort, how many comparisons are made, and why does that lead to O(n^2)?"
"What is the main advantage of Selection Sort?", "Think about whether Selection Sort requires extra space or if it can operate in-place. What does this mean in terms of efficiency?"
"What is Insertion Sort?", "Can you explain how Insertion Sort builds a sorted list one element at a time?"
"Why is Insertion Sort efficient on nearly sorted data?", "What would happen if most elements in the input list are already in the correct position? How would Insertion Sort behave?"
"Explain the time complexity of Insertion Sort.", "Think about the number of shifts required when the data is sorted versus completely unsorted."
"What is the difference between Merge Sort and Quick Sort?", "Can you describe how Merge Sort divides the array versus how Quick Sort selects a pivot?"
"What is Merge Sort?", "Can you explain how Merge Sort splits the array into smaller subarrays?"
"Explain why Merge Sort is O(n log n).", "Think about how the array is divided in each step, and how that leads to log(n) divisions. How much work is done in merging?"
"What is Quick Sort?", "Can you describe how Quick Sort selects a pivot and rearranges elements around it?"
"Explain the time complexity of Quick Sort.", "What happens when Quick Sort chooses a good pivot versus a bad pivot? Can you explain how this affects the overall time complexity?"
"Why is Quick Sort faster on average than Bubble Sort?", "What does Quick Sort do differently that makes it O(n log n) on average, compared to O(n^2) for Bubble Sort?"
"Explain the difference between a stable and an unstable sorting algorithm.", "What happens to the relative order of equal elements in a stable sort versus an unstable sort?"
"Is Merge Sort stable or unstable?", "Think about how Merge Sort merges subarrays. What happens to elements with equal values during merging?"
"Is Quick Sort stable or unstable?", "What happens to elements with equal values during the partitioning process of Quick Sort? Does it maintain their relative order?"
"What is the best-case scenario for Quick Sort?", "When Quick Sort selects an optimal pivot, what happens to the size of the partitions, and how does this affect time complexity?"
"Explain the divide-and-conquer approach used in sorting algorithms.", "How do algorithms like Merge Sort and Quick Sort divide the problem into smaller subproblems?"
"Why is Merge Sort better than Quick Sort in the worst case?", "Can you think of how Merge Sort guarantees O(n log n) even when the input is in the worst possible order?"
"Why is Quick Sort preferred for large datasets?", "What characteristics of Quick Sort make it faster in practice, despite its worst-case performance?"
"How does Heap Sort work?", "Can you explain how Heap Sort builds a max heap and then sorts the array by extracting the largest element?"
"What is the time complexity of Heap Sort?", "Think about the time required to build the heap and to extract the maximum element repeatedly. How does this lead to O(n log n)?"
"Why is Heap Sort an in-place sorting algorithm?", "Can you explain how Heap Sort uses the input array itself to store the heap without needing additional space?"
"Explain why Merge Sort is not an in-place sorting algorithm.", "Can you describe what extra space is needed in Merge Sort during the merge step?"
"What is the difference between internal and external sorting algorithms?", "Can you explain what it means for an algorithm to fit entirely in memory versus using external storage like disk?"
"How does Quick Sort perform on small arrays?", "Why is Quick Sort often faster for small arrays, despite the overhead of recursion?"
"Why do some implementations of Quick Sort switch to Insertion Sort for small arrays?", "Can you think of how Insertion Sort performs better than Quick Sort for small arrays?"
"Why is Merge Sort preferred for linked lists?", "Think about how Merge Sort divides the input into sublists. Why is this easier with linked lists than arrays?"
"What is the role of a pivot in Quick Sort?", "Can you explain why the choice of pivot is crucial in determining Quick Sort's efficiency?"
"Explain the three-way partitioning version of Quick Sort.", "How does dividing the array into three parts (less than, equal to, greater than the pivot) improve Quick Sort's performance?"
"What is Timsort?", "Can you describe how Timsort combines Insertion Sort and Merge Sort for practical efficiency on real-world data?"
"Why is Timsort used in Python's sort function?", "What makes Timsort particularly efficient for the kinds of data typically sorted in applications?"
"What is a stable sort?", "Can you explain what happens to the order of equal elements in a stable sort?"
"Why is stability important in sorting?", "Think about applications where the relative order of equal elements must be preserved. Why is stability important there?"
"What is the main advantage of Quick Sort over Merge Sort?", "Can you compare how much extra space each algorithm uses? How does this affect their performance in practice?"
"How does Insertion Sort work?", "Can you describe how each element is inserted into its correct position in the already sorted portion of the array?"
"Why is Bubble Sort rarely used in practice?", "What makes Bubble Sort inefficient compared to algorithms like Quick Sort and Merge Sort?"
"Why is Merge Sort used in external sorting?", "Think about how Merge Sort works well with data that doesn’t fit entirely in memory. What allows it to do that?"
"How does the performance of Merge Sort compare to Quick Sort?", "Can you explain the different scenarios in which each algorithm performs better?"
"What is the difference between a comparison-based and a non-comparison-based sorting algorithm?", "Can you explain what kinds of operations each type of algorithm performs?"
"Why is Radix Sort faster than Quick Sort for certain types of data?", "Can you explain how Radix Sort processes data digit by digit, and why this can be more efficient than comparisons?"
"Explain how Counting Sort works.", "Can you describe how Counting Sort counts the occurrences of each element and then uses this information to sort the array?"
"Why does Counting Sort have O(n) complexity?", "Think about how Counting Sort processes each element only a fixed number of times. Why doesn’t it need to compare elements?"
"What is the difference between Counting Sort and Radix Sort?", "Can you compare how each algorithm handles sorting based on digits or counting occurrences of elements?"
"Why is Radix Sort not comparison-based?", "Can you explain how Radix Sort avoids comparing elements by processing their digits?"
"How does Bucket Sort work?", "Can you describe how Bucket Sort divides the data into different buckets and then sorts each bucket individually?"
"Why is Bucket Sort efficient for uniformly distributed data?", "Think about how dividing the input into buckets can reduce the number of comparisons needed. Why does this work best for uniform data?"
"What is the main drawback of Bucket Sort?", "What happens when the input data is not uniformly distributed? How does this affect the efficiency of Bucket Sort?"
"How do parallel sorting algorithms work?", "Can you explain how sorting tasks can be divided and processed simultaneously in parallel sorting algorithms?"
"Explain the concept of recursion in Quick Sort.", "Can you describe how Quick Sort uses recursion to sort subarrays?"
"What is tail recursion, and how is it used in sorting algorithms?", "Think about how tail recursion works and why it might be beneficial in algorithms like Quick Sort."
"Why is the choice of base case important in recursive sorting algorithms?", "Can you explain how an efficient base case helps prevent unnecessary recursive calls?"
"How does Merge Sort handle the merging step?", "Can you describe how the two sorted subarrays are combined to form the final sorted array?"
"What is the role of the partitioning step in Quick Sort?", "How does the partitioning step divide the array into parts to be recursively sorted?"
"What is the impact of using a random pivot in Quick Sort?", "Can you think about how using a random pivot helps avoid worst-case performance in Quick Sort?"
"Why does Quick Sort have poor worst-case performance?", "What happens when Quick Sort consistently picks bad pivots, and how does this lead to O(n^2) time?"
"How does dual-pivot Quick Sort improve performance?", "Can you explain how using two pivots instead of one helps reduce the number of comparisons?"
"What is introspective sorting?", "Can you describe how introspective sorting switches between Quick Sort, Heap Sort, and Insertion Sort depending on the input?"
"What is Linear Search?", "Can you describe how Linear Search works by checking each element one by one?"
"Explain the time complexity of Linear Search.", "Think about how many comparisons are needed in the best case versus the worst case. How does this lead to O(n)?"
"Why is Linear Search inefficient for large datasets?", "Can you think about what happens when you have to scan through every element in a very large array? How does this affect performance?"
"What is Binary Search?", "Can you explain how Binary Search works by repeatedly dividing the search interval in half?"
"Why does Binary Search require a sorted array?", "What would happen if the array were not sorted? Would Binary Search still work efficiently?"
"Explain the time complexity of Binary Search.", "Think about how the search interval reduces by half in each step. How does this lead to O(log n) complexity?"
"What is the main advantage of Binary Search over Linear Search?", "How does Binary Search reduce the number of comparisons compared to Linear Search?"
"Why does Binary Search have O(log n) complexity?", "Can you explain how the search space shrinks exponentially with each comparison in Binary Search?"
"What is an iterative implementation of Binary Search?", "Can you describe how Binary Search can be implemented using a loop instead of recursion?"
"How does the recursive version of Binary Search work?", "Can you explain how Binary Search calls itself on smaller subarrays recursively?"
"Explain the base case in the recursive Binary Search.", "Why is it important to stop the recursion when the search interval becomes empty?"
"Why does Binary Search perform better than Linear Search for large datasets?", "Think about how the number of comparisons grows in each algorithm as the dataset size increases. Why does Binary Search handle large data more efficiently?"
"Can Binary Search be applied to linked lists?", "Can you think about the limitations of linked lists and why Binary Search might not be suitable for them?"
"How does the middle element choice affect Binary Search?", "What happens if we don’t choose the middle element correctly? How does this affect the algorithm's efficiency?"
"What is interpolation search?", "Can you describe how interpolation search estimates the position of the target value based on the distribution of elements?"
"When is interpolation search more efficient than Binary Search?", "Think about scenarios where elements are uniformly distributed. How does interpolation search take advantage of this?"
"What is the time complexity of interpolation search?", "Can you explain why interpolation search has O(log log n) complexity for uniformly distributed data?"
"Why is interpolation search less efficient on non-uniform data?", "What happens if the data is skewed or irregularly distributed? How does this affect the estimated position of the target?"
"What is exponential search?", "Can you describe how exponential search first finds a range and then applies Binary Search within that range?"
"Explain the time complexity of exponential search.", "Think about how exponential search finds the range in O(log i) and then performs Binary Search. How does this lead to O(log n) overall?"
"Why is exponential search useful for unbounded arrays?", "What makes exponential search efficient when the size of the array is unknown or infinite?"
"How does Binary Search on a rotated sorted array work?", "Can you describe how to handle the pivot point in a rotated sorted array while searching?"
"What is a sentinel search?", "Can you explain how sentinel search avoids bounds checking in Linear Search?"
"What is a jump search?", "Can you describe how jump search skips a fixed number of elements before performing Linear Search within a smaller range?"
"When is jump search more efficient than Linear Search?", "Think about how jump search reduces the number of comparisons in large arrays. Why does this make it faster than Linear Search?"
"Explain the time complexity of jump search.", "Can you explain why the time complexity of jump search is O(√n)?"
"What is a ternary search?", "Can you describe how ternary search divides the search interval into three parts instead of two?"
"How does ternary search compare to Binary Search?", "Can you think about why dividing the interval into three parts affects the efficiency compared to Binary Search?"
"What is the time complexity of ternary search?", "Can you explain why ternary search, like Binary Search, has O(log n) complexity?"
"When would you use ternary search over Binary Search?", "Can you think of cases where dividing the search space into three parts might be beneficial?"
"Why does Linear Search work on unsorted arrays?", "Can you explain why Linear Search doesn't require any assumptions about the order of the elements?"
"Why is Binary Search more efficient on sorted arrays?", "What does sorting allow Binary Search to do that Linear Search cannot?"
"How does Binary Search Tree relate to Binary Search?", "Can you explain how the concept of dividing the search interval is used in Binary Search Trees?"
"Why is Binary Search Tree efficient for searching?", "Think about how a balanced Binary Search Tree reduces the height of the tree. How does this affect the search time?"
"What is the difference between Binary Search and searching in a Binary Search Tree?", "Can you compare how each algorithm works on arrays versus trees?"
"Why is balance important in a Binary Search Tree?", "What happens to search efficiency if the Binary Search Tree becomes unbalanced?"
"What is a balanced Binary Search Tree?", "Can you describe what it means for a tree to be balanced and how this affects the time complexity of search operations?"
"What is the advantage of self-balancing trees?", "How do trees like AVL or Red-Black Trees ensure that the height of the tree remains logarithmic?"
"Explain the time complexity of search in an unbalanced Binary Search Tree.", "What happens when the tree becomes unbalanced? How does this lead to O(n) complexity?"
"What is the worst-case scenario for searching in a Binary Search Tree?", "What happens if all the elements are inserted in sorted order? How does this affect the tree structure?"
"How can Binary Search be applied to strings?", "Can you think of how lexicographical order allows Binary Search to work on sorted strings?"
"What is fractional cascading?", "Can you describe how fractional cascading speeds up Binary Search when searching in multiple arrays?"
"How does Binary Search work on floating-point numbers?", "What challenges arise when applying Binary Search to floating-point numbers due to precision issues?"
"What is the difference between selection sort and bubble sort?", "Selection sort finds the minimum element and swaps it, while bubble sort repeatedly swaps adjacent elements if they are in the wrong order."
"Can you explain how merge sort works?", "Merge sort divides the array into halves, sorts each half, and then merges them back together in order."
"What is the time complexity of quicksort?", "The average time complexity of quicksort is O(n log n), but it can degrade to O(n^2) in the worst case."
"How does insertion sort handle already sorted data?", "Insertion sort performs very well on already sorted data, with a time complexity of O(n) in the best case."
"What is a stable sorting algorithm?", "A stable sorting algorithm preserves the relative order of equal elements. Examples include bubble sort and merge sort."
"What are the disadvantages of bubble sort?", "Bubble sort is inefficient for large datasets, with a time complexity of O(n^2) and often performs unnecessary comparisons."
"How does binary search differ from linear search?", "Binary search divides the sorted array in half to find the target, while linear search checks each element one by one."
"When would you use a linear search instead of a binary search?", "You would use a linear search on unsorted datasets, where binary search cannot be applied."
"What is the worst-case scenario for quicksort?", "The worst-case occurs when the pivot is the smallest or largest element every time, leading to O(n^2) time complexity."
"What is the concept of a pivot in quicksort?", "The pivot is the element used to partition the array into subarrays during the sorting process."
"Explain how the counting sort algorithm works.", "Counting sort counts the occurrences of each unique element, then calculates the positions of each element in the output array."
"What is a time complexity of counting sort?", "Counting sort has a time complexity of O(n + k), where n is the number of elements and k is the range of input."
"What does it mean for an algorithm to be in-place?", "An in-place algorithm sorts the data without needing additional space for another array."
"Can you explain the concept of a recursive algorithm?", "A recursive algorithm solves a problem by dividing it into smaller instances of the same problem, with a base case to stop recursion."
"What is the primary goal of sorting algorithms?", "The primary goal is to arrange elements in a specific order, such as ascending or descending."
"How does heap sort work?", "Heap sort builds a max heap and repeatedly extracts the maximum element to sort the array."
"What are the applications of sorting algorithms?", "Sorting algorithms are used in search operations, data analysis, and optimizing other algorithms like merge sort."
"What is the time complexity of merge sort?", "The time complexity of merge sort is O(n log n) in all cases."
"What is the space complexity of merge sort?", "Merge sort has a space complexity of O(n) due to the temporary arrays used for merging."
"How does selection sort find the smallest element?", "Selection sort scans through the array to find the smallest element and swaps it with the first unsorted element."
"What is a hash table and how does it relate to searching?", "A hash table is a data structure that uses a hash function to map keys to values, allowing for efficient searches."
"What is the average case time complexity of linear search?", "The average case time complexity of linear search is O(n), as it may need to check half the elements."
"How can you improve the efficiency of bubble sort?", "You can optimize bubble sort by adding a flag to track whether any swaps were made in a pass; if not, the array is sorted."
"What is radix sort and when is it useful?", "Radix sort sorts numbers by processing individual digits, making it efficient for sorting integers or fixed-length strings."
"How do you determine if a sorting algorithm is optimal?", "An optimal sorting algorithm has the best time complexity for the given scenario, often O(n log n) for comparison sorts."
"What is a decision tree in sorting algorithms?", "A decision tree visually represents the comparisons made by sorting algorithms, showing the number of possible arrangements."
"What is the purpose of the ‘partition’ step in quicksort?", "The partition step rearranges the array so that elements less than the pivot are on one side and those greater are on the other."
"Can you provide an example of a divide and conquer algorithm?", "Merge sort is a classic example of a divide and conquer algorithm, where the array is divided, sorted, and merged."
"What is a worst-case time complexity of insertion sort?", "The worst-case time complexity of insertion sort is O(n^2) when the array is sorted in reverse order."
"What are the advantages of using a binary search tree?", "Binary search trees allow for efficient searching, inserting, and deleting operations with an average time complexity of O(log n)."
"What makes heapsort an in-place sorting algorithm?", "Heapsort sorts the array by manipulating the original array without needing additional arrays, thus operating in-place."
"How can you measure the performance of sorting algorithms?", "You can measure performance by analyzing time complexity, space complexity, and the number of comparisons made."
"What are the characteristics of a good sorting algorithm?", "A good sorting algorithm is stable, efficient, and works well with different data sizes and types."
"Can merge sort be implemented iteratively?", "Yes, merge sort can be implemented using an iterative approach with a bottom-up technique."
"What is the significance of average-case time complexity?", "Average-case time complexity gives insight into the expected performance of an algorithm under typical conditions."
"How do you use a binary search algorithm?", "To use binary search, first ensure the data is sorted, then repeatedly divide the search interval in half to find the target."
"What is the difference between internal and external sorting?", "Internal sorting happens in memory, while external sorting is used for sorting large data stored on external devices."
"Can you explain the concept of algorithmic stability?", "Algorithmic stability refers to whether the algorithm preserves the relative order of equal elements."
"What is the main disadvantage of selection sort?", "The main disadvantage of selection sort is its O(n^2) time complexity, making it inefficient for large datasets."
"How does bubble sort guarantee that the largest element moves to the end?", "Bubble sort repeatedly compares and swaps adjacent elements, gradually pushing the largest element to its correct position."
"What is the role of the ‘merge’ step in merge sort?", "The merge step combines two sorted subarrays into a single sorted array."
"What is the best case time complexity of quicksort?", "The best case time complexity of quicksort is O(n log n), occurring when the pivot divides the array evenly."
"Can you explain what an unstable sorting algorithm is?", "An unstable sorting algorithm may change the relative order of equal elements, like quicksort and heapsort."
"What are some common sorting algorithms?", "Common sorting algorithms include quicksort, merge sort, bubble sort, insertion sort, and selection sort."
"How can you implement binary search in Python?", "You can implement binary search using a loop or recursion by comparing the target with the middle element."
"What is the purpose of sorting algorithms in computer science?", "Sorting algorithms help in organizing data, making it easier to search, analyze, and process efficiently."
"How does the worst-case scenario affect algorithm performance?", "The worst-case scenario indicates the maximum time an algorithm might take, helping to assess its efficiency."
"What is insertion sort’s approach to sorting?", "Insertion sort builds the sorted array one element at a time, placing each new element in the correct position."
"Can merge sort be used for linked lists?", "Yes, merge sort is effective for sorting linked lists due to its divide and conquer approach."
"What is a stable sort, and why is it important?", "A stable sort maintains the relative order of records with equal keys, which is important for consistent sorting."
"What is the significance of the ‘base case’ in recursion?", "The base case stops the recursion when a condition is met, preventing infinite loops and providing a solution."
"What are the common use cases for sorting algorithms?", "Common use cases include searching algorithms, data analysis, and organizing data for efficient access."
"How can you optimize merge sort for performance?", "You can optimize merge sort by minimizing the number of array copies and utilizing in-place merging techniques."
"Explain the divide and conquer strategy in sorting algorithms.", "The divide and conquer strategy involves breaking the problem into smaller subproblems, solving them independently, and combining the results."
"What is the average-case time complexity of merge sort?", "The average-case time complexity of merge sort is O(n log n), regardless of input order."
"How do you analyze the efficiency of sorting algorithms?", "You analyze efficiency by comparing time complexity, space complexity, and the number of comparisons required."
"What is a sorting algorithm's space complexity?", "Space complexity refers to the amount of extra memory space required by the algorithm to perform the sort."
"What is the difference between insertion sort and selection sort?", "Insertion sort builds the sorted array incrementally, while selection sort repeatedly selects the minimum element to place in the sorted array."
"Can you explain how a binary search tree works?", "A binary search tree organizes elements such that each node's left child is less than the node, and the right child is greater."
"What is the best-case time complexity of bubble sort?", "The best-case time complexity of bubble sort is O(n) when the array is already sorted."
"What is the main goal of sorting algorithms?", "The main goal is to arrange a collection of items in a specific order to enable efficient data processing."
"What are the steps involved in quicksort?", "Quicksort involves choosing a pivot, partitioning the array around the pivot, and recursively sorting the partitions."
"What is the time complexity of a binary search on a sorted array?", "The time complexity of a binary search on a sorted array is O(log n)."
"How does the bucket sort algorithm work?", "Bucket sort distributes elements into several buckets, sorts each bucket individually, and then merges the buckets."
"What are some common characteristics of efficient sorting algorithms?", "Efficient sorting algorithms typically have low time and space complexity, are easy to implement, and handle large datasets effectively."